model,result,dimension,bucket,samples,C-Acc,EtF1,tIoU
MCG-NJU/TimeLens2-4B,paper-2fps-official,dispersion,25–60%,137,0.7299270072992701,0.48661800486617995,37.888054221892716
MCG-NJU/TimeLens2-4B,paper-2fps-official,dispersion,<25%,44,0.0,0.0,45.405695100027415
MCG-NJU/TimeLens2-4B,paper-2fps-official,dispersion,≥60%,139,0.0,0.0,30.64772851130962
MCG-NJU/TimeLens2-4B,paper-2fps-official,duration,120–300s,157,0.0,0.0,39.4529139377183
MCG-NJU/TimeLens2-4B,paper-2fps-official,duration,>300s,65,0.0,0.0,22.023649133772874
MCG-NJU/TimeLens2-4B,paper-2fps-official,duration,≤120s,98,1.0204081632653061,0.6802721088435373,39.00922034648505
MCG-NJU/TimeLens2-4B,paper-2fps-official,evidence_density,10–30%,149,0.0,0.0,34.101362266174945
MCG-NJU/TimeLens2-4B,paper-2fps-official,evidence_density,<10%,78,1.2820512820512822,0.8547008547008546,27.48519871367909
MCG-NJU/TimeLens2-4B,paper-2fps-official,evidence_density,≥30%,93,0.0,0.0,45.415051597263535
MCG-NJU/TimeLens2-4B,paper-2fps-official,median_span,5–15s,132,0.0,0.0,33.56116525595645
MCG-NJU/TimeLens2-4B,paper-2fps-official,median_span,>15s,94,0.0,0.0,46.27264460419517
MCG-NJU/TimeLens2-4B,paper-2fps-official,median_span,≤5s,94,1.0638297872340425,0.7092198581560283,28.39197733289306
MCG-NJU/TimeLens2-4B,paper-2fps-official,span_count,2–3,199,0.5025125628140703,0.3350083752093802,41.486278508632346
MCG-NJU/TimeLens2-4B,paper-2fps-official,span_count,4–5,73,0.0,0.0,27.427562785436287
MCG-NJU/TimeLens2-4B,paper-2fps-official,span_count,≥6,48,0.0,0.0,24.803474360788744
MCG-NJU/TimeLens2-4B,paper-2fps-controlled,dispersion,25–60%,137,23.357664233576642,17.457420924574212,51.27471102497105
MCG-NJU/TimeLens2-4B,paper-2fps-controlled,dispersion,<25%,44,22.727272727272727,15.530303030303031,50.32247242560034
MCG-NJU/TimeLens2-4B,paper-2fps-controlled,dispersion,≥60%,139,25.899280575539567,18.83892885691447,49.32029242358311
MCG-NJU/TimeLens2-4B,paper-2fps-controlled,duration,120–300s,157,28.02547770700637,23.296178343949045,56.10982895741071
MCG-NJU/TimeLens2-4B,paper-2fps-controlled,duration,>300s,65,10.76923076923077,2.948717948717948,34.74048173532549
MCG-NJU/TimeLens2-4B,paper-2fps-controlled,duration,≤120s,98,27.551020408163264,18.820861678004533,51.29561617261084
MCG-NJU/TimeLens2-4B,paper-2fps-controlled,evidence_density,10–30%,149,24.83221476510067,19.01938851603281,50.1928679830691
MCG-NJU/TimeLens2-4B,paper-2fps-controlled,evidence_density,<10%,78,21.794871794871796,10.185185185185182,34.67515016422046
MCG-NJU/TimeLens2-4B,paper-2fps-controlled,evidence_density,≥30%,93,25.806451612903224,22.20728793309438,63.55855700794631
MCG-NJU/TimeLens2-4B,paper-2fps-controlled,median_span,5–15s,132,19.696969696969695,14.471801346801348,46.53256664331494
MCG-NJU/TimeLens2-4B,paper-2fps-controlled,median_span,>15s,94,32.97872340425532,28.309692671394803,66.2940366356917
MCG-NJU/TimeLens2-4B,paper-2fps-controlled,median_span,≤5s,94,22.340425531914892,11.93853427895981,39.578793652690514
MCG-NJU/TimeLens2-4B,paper-2fps-controlled,span_count,2–3,199,31.65829145728643,23.4785036292574,53.60045524969175
MCG-NJU/TimeLens2-4B,paper-2fps-controlled,span_count,4–5,73,15.068493150684931,10.319634703196348,46.81382487747195
MCG-NJU/TimeLens2-4B,paper-2fps-controlled,span_count,≥6,48,8.333333333333334,5.5844907407407405,41.88427152669566
Qwen/Qwen3-VL-4B-Instruct,paper-2fps-official,dispersion,25–60%,137,0.7299270072992701,0.36496350364963503,30.801604526494526
Qwen/Qwen3-VL-4B-Instruct,paper-2fps-official,dispersion,<25%,44,0.0,0.0,39.46406928713431
Qwen/Qwen3-VL-4B-Instruct,paper-2fps-official,dispersion,≥60%,139,0.0,0.0,27.22084661940501
Qwen/Qwen3-VL-4B-Instruct,paper-2fps-official,duration,120–300s,157,0.0,0.0,35.4933173835881
Qwen/Qwen3-VL-4B-Instruct,paper-2fps-official,duration,>300s,65,0.0,0.0,13.503491276238208
Qwen/Qwen3-VL-4B-Instruct,paper-2fps-official,duration,≤120s,98,1.0204081632653061,0.5102040816326531,33.568967211042256
Qwen/Qwen3-VL-4B-Instruct,paper-2fps-official,evidence_density,10–30%,149,0.6711409395973155,0.33557046979865773,30.703982722774594
Qwen/Qwen3-VL-4B-Instruct,paper-2fps-official,evidence_density,<10%,78,0.0,0.0,23.07906264376659
Qwen/Qwen3-VL-4B-Instruct,paper-2fps-official,evidence_density,≥30%,93,0.0,0.0,36.181464913481165
Qwen/Qwen3-VL-4B-Instruct,paper-2fps-official,median_span,5–15s,132,0.0,0.0,26.956987061501465
Qwen/Qwen3-VL-4B-Instruct,paper-2fps-official,median_span,>15s,94,0.0,0.0,41.145098112871295
Qwen/Qwen3-VL-4B-Instruct,paper-2fps-official,median_span,≤5s,94,1.0638297872340425,0.5319148936170213,24.616755682264483
Qwen/Qwen3-VL-4B-Instruct,paper-2fps-official,span_count,2–3,199,0.5025125628140703,0.25125628140703515,38.20437883540717
Qwen/Qwen3-VL-4B-Instruct,paper-2fps-official,span_count,4–5,73,0.0,0.0,19.9047667309348
Qwen/Qwen3-VL-4B-Instruct,paper-2fps-official,span_count,≥6,48,0.0,0.0,14.254524776181043
Qwen/Qwen3-VL-4B-Instruct,paper-2fps-controlled,dispersion,25–60%,137,0.7299270072992701,0.6812652068126521,29.06261808347683
Qwen/Qwen3-VL-4B-Instruct,paper-2fps-controlled,dispersion,<25%,44,0.0,0.0,34.09483515547092
Qwen/Qwen3-VL-4B-Instruct,paper-2fps-controlled,dispersion,≥60%,139,5.755395683453237,4.32515526040706,29.825325406441827
Qwen/Qwen3-VL-4B-Instruct,paper-2fps-controlled,duration,120–300s,157,5.095541401273885,3.829277587239371,35.792913779135084
Qwen/Qwen3-VL-4B-Instruct,paper-2fps-controlled,duration,>300s,65,1.5384615384615385,1.4358974358974361,14.271399537015311
Qwen/Qwen3-VL-4B-Instruct,paper-2fps-controlled,duration,≤120s,98,0.0,0.0,31.432073699410804
Qwen/Qwen3-VL-4B-Instruct,paper-2fps-controlled,evidence_density,10–30%,149,1.342281879194631,1.1782252050708428,26.665030468677237
Qwen/Qwen3-VL-4B-Instruct,paper-2fps-controlled,evidence_density,<10%,78,5.128205128205129,4.188034188034188,22.955205600538065
Qwen/Qwen3-VL-4B-Instruct,paper-2fps-controlled,evidence_density,≥30%,93,3.225806451612903,2.0678246484698097,41.54705461395252
Qwen/Qwen3-VL-4B-Instruct,paper-2fps-controlled,median_span,5–15s,132,3.0303030303030303,2.276936026936027,27.533625211171863
Qwen/Qwen3-VL-4B-Instruct,paper-2fps-controlled,median_span,>15s,94,0.0,0.0,39.133268849612755
Qwen/Qwen3-VL-4B-Instruct,paper-2fps-controlled,median_span,≤5s,94,5.319148936170213,4.191216584833606,24.622402723767827
Qwen/Qwen3-VL-4B-Instruct,paper-2fps-controlled,span_count,2–3,199,1.5075376884422111,1.2004466778336125,33.30966904262778
Qwen/Qwen3-VL-4B-Instruct,paper-2fps-controlled,span_count,4–5,73,4.109589041095891,3.6073059360730597,24.687086161568004
Qwen/Qwen3-VL-4B-Instruct,paper-2fps-controlled,span_count,≥6,48,6.25,4.006410256410256,24.93104638531392
MCG-NJU/TimeLens2-4B,uniform-one-shot-64f,dispersion,25–60%,137,14.598540145985401,10.624493106244932,43.625578841107966
MCG-NJU/TimeLens2-4B,uniform-one-shot-64f,dispersion,<25%,44,6.818181818181818,3.7878787878787876,42.5773444607084
MCG-NJU/TimeLens2-4B,uniform-one-shot-64f,dispersion,≥60%,139,10.79136690647482,7.6019184652278184,39.66187207821733
MCG-NJU/TimeLens2-4B,uniform-one-shot-64f,duration,120–300s,157,9.554140127388536,8.280254777070065,47.54211838510906
MCG-NJU/TimeLens2-4B,uniform-one-shot-64f,duration,>300s,65,4.615384615384615,1.1282051282051282,22.64279284283635
MCG-NJU/TimeLens2-4B,uniform-one-shot-64f,duration,≤120s,98,20.408163265306122,13.321995464852609,45.17564852172126
MCG-NJU/TimeLens2-4B,uniform-one-shot-64f,evidence_density,10–30%,149,12.751677852348994,9.656972408650264,41.38621545921317
MCG-NJU/TimeLens2-4B,uniform-one-shot-64f,evidence_density,<10%,78,10.256410256410257,3.3618233618233617,22.82613349421952
MCG-NJU/TimeLens2-4B,uniform-one-shot-64f,evidence_density,≥30%,93,11.827956989247312,10.51373954599761,58.2378834451966
MCG-NJU/TimeLens2-4B,uniform-one-shot-64f,median_span,5–15s,132,6.818181818181818,4.259259259259259,37.51981379235328
MCG-NJU/TimeLens2-4B,uniform-one-shot-64f,median_span,>15s,94,15.957446808510639,14.12529550827423,58.0007283364987
MCG-NJU/TimeLens2-4B,uniform-one-shot-64f,median_span,≤5s,94,14.893617021276595,8.392434988179668,31.472593533549542
MCG-NJU/TimeLens2-4B,uniform-one-shot-64f,span_count,2–3,199,18.592964824120603,13.42825237297599,45.875211208654136
MCG-NJU/TimeLens2-4B,uniform-one-shot-64f,span_count,4–5,73,1.36986301369863,0.09132420091324203,36.299007623976195
MCG-NJU/TimeLens2-4B,uniform-one-shot-64f,span_count,≥6,48,0.0,0.0,33.0023560271403
MCG-NJU/TimeLens2-4B,full-video-multipass-64f,dispersion,25–60%,137,9.489051094890511,5.27169505271695,39.78371704853701
MCG-NJU/TimeLens2-4B,full-video-multipass-64f,dispersion,<25%,44,0.0,0.0,36.078043152771954
MCG-NJU/TimeLens2-4B,full-video-multipass-64f,dispersion,≥60%,139,10.79136690647482,5.39568345323741,35.00342545743131
MCG-NJU/TimeLens2-4B,full-video-multipass-64f,duration,120–300s,157,7.643312101910828,4.6001415428167025,40.85647951218143
MCG-NJU/TimeLens2-4B,full-video-multipass-64f,duration,>300s,65,4.615384615384615,1.0256410256410255,20.383894951364848
MCG-NJU/TimeLens2-4B,full-video-multipass-64f,duration,≤120s,98,13.26530612244898,6.972789115646258,42.48835528268661
MCG-NJU/TimeLens2-4B,full-video-multipass-64f,evidence_density,10–30%,149,8.053691275167786,3.803131991051454,36.429506825158114
MCG-NJU/TimeLens2-4B,full-video-multipass-64f,evidence_density,<10%,78,11.538461538461538,3.4900284900284895,17.699898615704036
MCG-NJU/TimeLens2-4B,full-video-multipass-64f,evidence_density,≥30%,93,7.526881720430108,6.810035842293908,54.78162004280663
MCG-NJU/TimeLens2-4B,full-video-multipass-64f,median_span,5–15s,132,4.545454545454546,1.6414141414141414,34.88820118618382
MCG-NJU/TimeLens2-4B,full-video-multipass-64f,median_span,>15s,94,10.638297872340425,8.687943262411348,51.65526077008637
MCG-NJU/TimeLens2-4B,full-video-multipass-64f,median_span,≤5s,94,12.76595744680851,4.669030732860519,25.98342770202238
MCG-NJU/TimeLens2-4B,full-video-multipass-64f,span_count,2–3,199,13.06532663316583,7.230597431602457,40.486845383821816
MCG-NJU/TimeLens2-4B,full-video-multipass-64f,span_count,4–5,73,2.73972602739726,0.45662100456620996,32.34753898517362
MCG-NJU/TimeLens2-4B,full-video-multipass-64f,span_count,≥6,48,0.0,0.0,30.93805615950569
MCG-NJU/TimeLens2-4B,uniform-window-local-64f,dispersion,25–60%,137,32.846715328467155,14.663422546634225,33.956405642356145
MCG-NJU/TimeLens2-4B,uniform-window-local-64f,dispersion,<25%,44,54.54545454545455,12.94191919191919,25.870670769772882
MCG-NJU/TimeLens2-4B,uniform-window-local-64f,dispersion,≥60%,139,28.776978417266186,19.204636290967226,39.450035031143706
MCG-NJU/TimeLens2-4B,uniform-window-local-64f,duration,120–300s,157,42.038216560509554,21.249115357395613,38.07029888363089
MCG-NJU/TimeLens2-4B,uniform-window-local-64f,duration,>300s,65,24.615384615384617,4.153846153846154,12.852691449690102
MCG-NJU/TimeLens2-4B,uniform-window-local-64f,duration,≤120s,98,27.551020408163264,16.75170068027211,45.52479680859048
MCG-NJU/TimeLens2-4B,uniform-window-local-64f,evidence_density,10–30%,149,34.22818791946309,18.83296047725578,35.63745147938413
MCG-NJU/TimeLens2-4B,uniform-window-local-64f,evidence_density,<10%,78,39.743589743589745,9.650997150997151,18.26142361541136
MCG-NJU/TimeLens2-4B,uniform-window-local-64f,evidence_density,≥30%,93,29.032258064516128,18.160095579450417,48.81204993302636
MCG-NJU/TimeLens2-4B,uniform-window-local-64f,median_span,5–15s,132,25.757575757575758,11.44781144781145,31.140148034027927
MCG-NJU/TimeLens2-4B,uniform-window-local-64f,median_span,>15s,94,53.191489361702125,29.645390070921984,47.17212459418622
MCG-NJU/TimeLens2-4B,uniform-window-local-64f,median_span,≤5s,94,26.595744680851062,10.106382978723405,29.034177700601923
MCG-NJU/TimeLens2-4B,uniform-window-local-64f,span_count,2–3,199,49.74874371859296,25.265214963707425,41.37064659695314
MCG-NJU/TimeLens2-4B,uniform-window-local-64f,span_count,4–5,73,13.698630136986301,3.0136986301369855,25.83976045601978
MCG-NJU/TimeLens2-4B,uniform-window-local-64f,span_count,≥6,48,0.0,0.0,24.05897437747198
MCG-NJU/TimeLens2-4B,embedding-window-local-64f,dispersion,25–60%,137,32.11678832116788,18.552311435523112,43.90037040954294
MCG-NJU/TimeLens2-4B,embedding-window-local-64f,dispersion,<25%,44,68.18181818181819,20.833333333333332,34.5567742683709
MCG-NJU/TimeLens2-4B,embedding-window-local-64f,dispersion,≥60%,139,30.215827338129497,17.665867306155075,40.03981563376679
MCG-NJU/TimeLens2-4B,embedding-window-local-64f,duration,120–300s,157,44.5859872611465,26.32696390658174,47.636032634432105
MCG-NJU/TimeLens2-4B,embedding-window-local-64f,duration,>300s,65,26.153846153846153,2.307692307692307,17.479105535858878
MCG-NJU/TimeLens2-4B,embedding-window-local-64f,duration,≤120s,98,29.591836734693878,16.63832199546485,45.76922656706751
MCG-NJU/TimeLens2-4B,embedding-window-local-64f,evidence_density,10–30%,149,36.91275167785235,22.129008202833706,43.36021852440373
MCG-NJU/TimeLens2-4B,embedding-window-local-64f,evidence_density,<10%,78,43.58974358974359,9.829059829059828,18.980470554342617
MCG-NJU/TimeLens2-4B,embedding-window-local-64f,evidence_density,≥30%,93,29.032258064516128,19.892473118279568,55.47563358746671
MCG-NJU/TimeLens2-4B,embedding-window-local-64f,median_span,5–15s,132,28.78787878787879,13.194444444444443,38.995727763425165
MCG-NJU/TimeLens2-4B,embedding-window-local-64f,median_span,>15s,94,55.319148936170215,35.0177304964539,56.47059589041751
MCG-NJU/TimeLens2-4B,embedding-window-local-64f,median_span,≤5s,94,27.659574468085108,9.367612293144207,28.135224558914
MCG-NJU/TimeLens2-4B,embedding-window-local-64f,span_count,2–3,199,54.2713567839196,28.83863763260748,46.588952981044656
MCG-NJU/TimeLens2-4B,embedding-window-local-64f,span_count,4–5,73,10.95890410958904,2.3972602739726026,33.71087900833785
MCG-NJU/TimeLens2-4B,embedding-window-local-64f,span_count,≥6,48,0.0,0.0,28.50598700359862
MCG-NJU/TimeLens2-4B,uniform-one-shot-128f,dispersion,25–60%,137,22.62773722627737,17.218167072181668,48.3698812308934
MCG-NJU/TimeLens2-4B,uniform-one-shot-128f,dispersion,<25%,44,18.181818181818183,10.227272727272727,45.06486197437017
MCG-NJU/TimeLens2-4B,uniform-one-shot-128f,dispersion,≥60%,139,17.985611510791365,13.08952837729816,45.67210537164577
MCG-NJU/TimeLens2-4B,uniform-one-shot-128f,duration,120–300s,157,19.10828025477707,15.074309978768577,53.6163901668635
MCG-NJU/TimeLens2-4B,uniform-one-shot-128f,duration,>300s,65,4.615384615384615,1.9316239316239314,25.90773306785561
MCG-NJU/TimeLens2-4B,uniform-one-shot-128f,duration,≤120s,98,31.632653061224488,21.797052154195015,49.55279996484958
MCG-NJU/TimeLens2-4B,uniform-one-shot-128f,evidence_density,10–30%,149,24.161073825503355,17.714392244593586,48.36883294565413
MCG-NJU/TimeLens2-4B,uniform-one-shot-128f,evidence_density,<10%,78,17.94871794871795,8.333333333333332,26.668967054802152
MCG-NJU/TimeLens2-4B,uniform-one-shot-128f,evidence_density,≥30%,93,15.053763440860216,14.396654719235363,60.976502827810876
MCG-NJU/TimeLens2-4B,uniform-one-shot-128f,median_span,5–15s,132,15.909090909090908,11.237373737373739,44.03817358714956
MCG-NJU/TimeLens2-4B,uniform-one-shot-128f,median_span,>15s,94,23.404255319148938,20.041371158392437,62.095817787512175
MCG-NJU/TimeLens2-4B,uniform-one-shot-128f,median_span,≤5s,94,22.340425531914892,13.416075650118204,35.19047358120807
MCG-NJU/TimeLens2-4B,uniform-one-shot-128f,span_count,2–3,199,28.64321608040201,21.35678391959799,51.1767415648634
MCG-NJU/TimeLens2-4B,uniform-one-shot-128f,span_count,4–5,73,8.219178082191782,4.497716894977168,42.02272872253555
MCG-NJU/TimeLens2-4B,uniform-one-shot-128f,span_count,≥6,48,2.0833333333333335,1.0416666666666667,35.54415695855279
MCG-NJU/TimeLens2-4B,full-video-multipass-128f,dispersion,25–60%,137,17.51824817518248,11.658556366585563,44.77598801239555
MCG-NJU/TimeLens2-4B,full-video-multipass-128f,dispersion,<25%,44,9.090909090909092,5.303030303030303,40.14785819154812
MCG-NJU/TimeLens2-4B,full-video-multipass-128f,dispersion,≥60%,139,13.66906474820144,9.88009592326139,41.580233638469636
MCG-NJU/TimeLens2-4B,full-video-multipass-128f,duration,120–300s,157,16.56050955414013,11.907289455060155,48.49175467302154
MCG-NJU/TimeLens2-4B,full-video-multipass-128f,duration,>300s,65,4.615384615384615,0.8717948717948718,23.1564774995289
MCG-NJU/TimeLens2-4B,full-video-multipass-128f,duration,≤120s,98,18.367346938775512,13.038548752834467,46.55195992591658
MCG-NJU/TimeLens2-4B,full-video-multipass-128f,evidence_density,10–30%,149,17.449664429530202,12.293064876957494,43.15907443819593
MCG-NJU/TimeLens2-4B,full-video-multipass-128f,evidence_density,<10%,78,12.820512820512821,4.772079772079771,21.258471867114174
MCG-NJU/TimeLens2-4B,full-video-multipass-128f,evidence_density,≥30%,93,11.827956989247312,10.75268817204301,60.12479244029556
MCG-NJU/TimeLens2-4B,full-video-multipass-128f,median_span,5–15s,132,11.363636363636363,7.470538720538721,40.01031947969735
MCG-NJU/TimeLens2-4B,full-video-multipass-128f,median_span,>15s,94,17.02127659574468,14.25531914893617,58.83584387484116
MCG-NJU/TimeLens2-4B,full-video-multipass-128f,median_span,≤5s,94,17.02127659574468,9.338061465721042,30.516352109770914
MCG-NJU/TimeLens2-4B,full-video-multipass-128f,span_count,2–3,199,20.100502512562816,14.796203238414293,46.81921860277197
MCG-NJU/TimeLens2-4B,full-video-multipass-128f,span_count,4–5,73,8.219178082191782,2.488584474885845,37.59230214030582
MCG-NJU/TimeLens2-4B,full-video-multipass-128f,span_count,≥6,48,2.0833333333333335,1.6203703703703705,33.73345907665911
MCG-NJU/TimeLens2-4B,uniform-window-local-128f,dispersion,25–60%,137,32.11678832116788,15.37307380373074,37.73432692682625
MCG-NJU/TimeLens2-4B,uniform-window-local-128f,dispersion,<25%,44,47.72727272727273,11.679292929292927,30.162863344312953
MCG-NJU/TimeLens2-4B,uniform-window-local-128f,dispersion,≥60%,139,30.93525179856115,21.402877697841728,42.19882360889576
MCG-NJU/TimeLens2-4B,uniform-window-local-128f,duration,120–300s,157,42.67515923566879,22.523000707714086,41.58522813322616
MCG-NJU/TimeLens2-4B,uniform-window-local-128f,duration,>300s,65,21.53846153846154,2.316239316239316,13.78582292081154
MCG-NJU/TimeLens2-4B,uniform-window-local-128f,duration,≤120s,98,27.551020408163264,19.47278911564626,50.38210154073694
MCG-NJU/TimeLens2-4B,uniform-window-local-128f,evidence_density,10–30%,149,36.241610738255034,21.79716629381059,39.830270648875505
MCG-NJU/TimeLens2-4B,uniform-window-local-128f,evidence_density,<10%,78,35.8974358974359,8.333333333333332,21.713156875551565
MCG-NJU/TimeLens2-4B,uniform-window-local-128f,evidence_density,≥30%,93,27.956989247311828,18.249701314217443,50.90396446006457
MCG-NJU/TimeLens2-4B,uniform-window-local-128f,median_span,5–15s,132,25.757575757575758,13.825757575757576,35.214140616297804
MCG-NJU/TimeLens2-4B,uniform-window-local-128f,median_span,>15s,94,51.06382978723404,29.024822695035464,49.813848606874
MCG-NJU/TimeLens2-4B,uniform-window-local-128f,median_span,≤5s,94,27.659574468085108,11.081560283687944,32.25145667408523
MCG-NJU/TimeLens2-4B,uniform-window-local-128f,span_count,2–3,199,48.743718592964825,26.633165829145728,44.98080049217839
MCG-NJU/TimeLens2-4B,uniform-window-local-128f,span_count,4–5,73,15.068493150684931,4.041095890410959,28.448648188252776
MCG-NJU/TimeLens2-4B,uniform-window-local-128f,span_count,≥6,48,0.0,0.0,27.8015550432401
MCG-NJU/TimeLens2-4B,embedding-window-local-128f,dispersion,25–60%,137,33.57664233576642,22.850770478507705,48.993414178334724
MCG-NJU/TimeLens2-4B,embedding-window-local-128f,dispersion,<25%,44,47.72727272727273,21.38888888888889,43.61699326780185
MCG-NJU/TimeLens2-4B,embedding-window-local-128f,dispersion,≥60%,139,28.057553956834532,19.38449240607514,45.14500593672496
MCG-NJU/TimeLens2-4B,embedding-window-local-128f,duration,120–300s,157,39.49044585987261,27.388535031847134,53.048010508039084
MCG-NJU/TimeLens2-4B,embedding-window-local-128f,duration,>300s,65,21.53846153846154,4.136752136752137,24.527711142331317
MCG-NJU/TimeLens2-4B,embedding-window-local-128f,duration,≤120s,98,30.612244897959183,22.420634920634924,50.85267752455339
MCG-NJU/TimeLens2-4B,embedding-window-local-128f,evidence_density,10–30%,149,36.241610738255034,26.711409395973153,50.75773794031767
MCG-NJU/TimeLens2-4B,embedding-window-local-128f,evidence_density,<10%,78,37.17948717948718,12.250712250712253,25.026533849443595
MCG-NJU/TimeLens2-4B,embedding-window-local-128f,evidence_density,≥30%,93,24.731182795698924,19.683393070489846,57.97235137694596
MCG-NJU/TimeLens2-4B,embedding-window-local-128f,median_span,5–15s,132,26.515151515151516,16.115319865319865,44.516064014694635
MCG-NJU/TimeLens2-4B,embedding-window-local-128f,median_span,>15s,94,45.744680851063826,34.45626477541371,61.35159091036993
MCG-NJU/TimeLens2-4B,embedding-window-local-128f,median_span,≤5s,94,29.78723404255319,14.893617021276595,34.715226339419594
MCG-NJU/TimeLens2-4B,embedding-window-local-128f,span_count,2–3,199,48.24120603015076,32.30039084310441,51.72101809946148
MCG-NJU/TimeLens2-4B,embedding-window-local-128f,span_count,4–5,73,13.698630136986301,4.634703196347032,40.693110631542496
MCG-NJU/TimeLens2-4B,embedding-window-local-128f,span_count,≥6,48,0.0,0.0,34.2358665317598
Qwen/Qwen3-VL-4B-Instruct,uniform-one-shot-64f,dispersion,25–60%,137,0.0,0.0,28.453936003785575
Qwen/Qwen3-VL-4B-Instruct,uniform-one-shot-64f,dispersion,<25%,44,4.545454545454546,3.409090909090909,32.00218753544882
Qwen/Qwen3-VL-4B-Instruct,uniform-one-shot-64f,dispersion,≥60%,139,1.4388489208633093,1.3189448441247003,26.41164740565405
Qwen/Qwen3-VL-4B-Instruct,uniform-one-shot-64f,duration,120–300s,157,2.5477707006369426,2.123142250530786,30.902934584114686
Qwen/Qwen3-VL-4B-Instruct,uniform-one-shot-64f,duration,>300s,65,0.0,0.0,12.428477701574145
Qwen/Qwen3-VL-4B-Instruct,uniform-one-shot-64f,duration,≤120s,98,0.0,0.0,33.85604788934653
Qwen/Qwen3-VL-4B-Instruct,uniform-one-shot-64f,evidence_density,10–30%,149,1.342281879194631,1.0067114093959733,26.59840942441719
Qwen/Qwen3-VL-4B-Instruct,uniform-one-shot-64f,evidence_density,<10%,78,1.2820512820512822,1.0683760683760686,12.871671319315798
Qwen/Qwen3-VL-4B-Instruct,uniform-one-shot-64f,evidence_density,≥30%,93,1.075268817204301,1.075268817204301,43.122054906661205
Qwen/Qwen3-VL-4B-Instruct,uniform-one-shot-64f,median_span,5–15s,132,1.5151515151515151,1.2626262626262628,24.44595666985873
Qwen/Qwen3-VL-4B-Instruct,uniform-one-shot-64f,median_span,>15s,94,2.127659574468085,1.7730496453900708,42.17713107126752
Qwen/Qwen3-VL-4B-Instruct,uniform-one-shot-64f,median_span,≤5s,94,0.0,0.0,18.99987098238071
Qwen/Qwen3-VL-4B-Instruct,uniform-one-shot-64f,span_count,2–3,199,2.0100502512562812,1.6750418760469015,32.173566026000046
Qwen/Qwen3-VL-4B-Instruct,uniform-one-shot-64f,span_count,4–5,73,0.0,0.0,22.06649110614895
Qwen/Qwen3-VL-4B-Instruct,uniform-one-shot-64f,span_count,≥6,48,0.0,0.0,20.08564549044588
Qwen/Qwen3-VL-4B-Instruct,embedding-window-local-64f,dispersion,25–60%,137,18.248175182481752,11.557177615571774,38.57662943328599
Qwen/Qwen3-VL-4B-Instruct,embedding-window-local-64f,dispersion,<25%,44,29.545454545454547,10.984848484848483,33.942060726409416
Qwen/Qwen3-VL-4B-Instruct,embedding-window-local-64f,dispersion,≥60%,139,24.46043165467626,16.466826538768984,36.921431288241486
Qwen/Qwen3-VL-4B-Instruct,embedding-window-local-64f,duration,120–300s,157,33.75796178343949,22.965322009907997,44.80490572510617
Qwen/Qwen3-VL-4B-Instruct,embedding-window-local-64f,duration,>300s,65,13.846153846153847,2.307692307692307,16.53649367560698
Qwen/Qwen3-VL-4B-Instruct,embedding-window-local-64f,duration,≤120s,98,10.204081632653061,6.122448979591836,38.78862822073103
Qwen/Qwen3-VL-4B-Instruct,embedding-window-local-64f,evidence_density,10–30%,149,21.476510067114095,14.914243102162565,37.538920729314
Qwen/Qwen3-VL-4B-Instruct,embedding-window-local-64f,evidence_density,<10%,78,28.205128205128204,7.905982905982905,18.252742568841136
Qwen/Qwen3-VL-4B-Instruct,embedding-window-local-64f,evidence_density,≥30%,93,19.35483870967742,16.308243727598565,52.61843811129426
Qwen/Qwen3-VL-4B-Instruct,embedding-window-local-64f,median_span,5–15s,132,18.939393939393938,9.25925925925926,34.7739498592426
Qwen/Qwen3-VL-4B-Instruct,embedding-window-local-64f,median_span,>15s,94,41.48936170212766,30.851063829787233,54.44346524633731
Qwen/Qwen3-VL-4B-Instruct,embedding-window-local-64f,median_span,≤5s,94,8.51063829787234,2.482269503546099,23.432773817149258
Qwen/Qwen3-VL-4B-Instruct,embedding-window-local-64f,span_count,2–3,199,35.175879396984925,21.803461753210495,42.97242128094286
Qwen/Qwen3-VL-4B-Instruct,embedding-window-local-64f,span_count,4–5,73,2.73972602739726,0.22831050228310498,29.92080328023552
Qwen/Qwen3-VL-4B-Instruct,embedding-window-local-64f,span_count,≥6,48,0.0,0.0,24.474945396311245
